{"cameraMode":{"drawMode":0,"name":"Shaded","section":"Shading Mode"},"sceneLighting":true,"audioPlay":false,"sceneViewState":{"showFog":true,"showMaterialUpdate":false,"showSkybox":true,"showFlares":true,"showImageEffects":true,"showParticleSystems":true},"in2DMode":false,"pivot":{"x":1.55560302734375,"y":0.18722915649414063,"z":-0.27982938289642336},"rotation":{"x":-0.17951583862304688,"y":0.691323459148407,"z":-0.18376614153385163,"w":-0.6753339767456055},"size":6.714128494262695,"orthographic":false}